dataset,algorithm,ensemble_size,cores,instances,time,acc,prec,recall,change
GMSC,OzaBagASHTExecutorMAXChunk,25,4,149850.0,42.9379997253418,93.27820202213599,70.46401552011906,51.10440126583639,0
GMSC,OzaBagAdwinExecutorMAXChunk,25,4,149624.0,53.24100112915039,93.42894742711842,76.03541446987234,52.750910242596504,0
GMSC,StreamingRandomPatchesExecutorMAXChunk,25,4
GMSC,AdaptiveRandomForestExecutorMAXChunk,25,4,142925.0,120.02200317382812,93.57304246201792,76.83621008400458,54.75168438636686,0
GMSC,OzaBagExecutorMAXChunk,25,4,149237.0,40.70500183105469,93.31067251461988,71.84469348738884,54.66262040123478,0
GMSC,LBagExecutorMAXChunk,25,4,149810.0,84.625,93.5670256219829,76.36641645517959,55.265489959102695,131.0
